{"cameraMode":{"drawMode":0,"name":"Shaded","section":"Shading Mode"},"sceneLighting":false,"audioPlay":false,"sceneViewState":{"m_AlwaysRefresh":false,"showFog":true,"showSkybox":true,"showFlares":true,"showImageEffects":true,"showParticleSystems":true,"showVisualEffectGraphs":true,"m_FxEnabled":false},"in2DMode":false,"pivot":{"x":-10.428060531616211,"y":-1.6646531820297242,"z":18.708080291748048},"rotation":{"x":0.08511824905872345,"y":-0.2800581157207489,"z":0.024930797517299653,"w":0.9558885097503662},"size":13.416882514953614,"orthographic":false}